ts	phase	decision	why	evidence	result
2026-09-25T08:52:18Z	scope	Deliver a generic architecture proposal with explicit untested guarantees	The user requested a design; no repository or running system was supplied	/Users/kevin/Documents/Codex/2026-09-25/de/outputs/orb-architecture.md:3	verified
2026-09-25T08:52:18Z	review	Use three read-only reviewers for lifecycle, external actions, and product tradeoffs	Parent owns fan-out: the parent alone assigns work and edits the shared design	/Users/kevin/Documents/Codex/2026-09-25/de/outputs/orb-architecture.md:166	verified
2026-09-25T08:52:18Z	alternatives	Compare persistent machines, stateless workers, and durable tasks with replaceable workspaces	Exhaust the design space: materially different designs expose where complexity goes	/Users/kevin/Documents/Codex/2026-09-25/de/outputs/orb-architecture.md:23	verified
2026-09-25T08:52:18Z	ownership	Make the durable task the authority and machine suspension an optimization	Redesign from first principles: task continuity must survive machine replacement	/Users/kevin/Documents/Codex/2026-09-25/de/outputs/orb-architecture.md:33	open
2026-09-25T08:52:18Z	records	Name task, attempt, checkpoint, candidate, operation, and acceptance records	Named shape: ownership and invariants come before component selection	/Users/kevin/Documents/Codex/2026-09-25/de/outputs/orb-architecture.md:35	verified
2026-09-25T08:52:18Z	parallelism	Separate writable workspaces and give shared publication one integration owner	Separate before serializing: parallel attempts should not share mutable working state	/Users/kevin/Documents/Codex/2026-09-25/de/outputs/orb-architecture.md:99	open
2026-09-25T08:52:18Z	effects	Persist operation identity and outcome; reconcile ambiguous external writes	Make operations idempotent: retries need destination support and must not invent certainty	/Users/kevin/Documents/Codex/2026-09-25/de/outputs/orb-architecture.md:89	open
2026-09-25T08:52:18Z	scope	Start with one control application and one execution backend	Smallest change: logical boundaries do not all need separate deployed services	/Users/kevin/Documents/Codex/2026-09-25/de/outputs/orb-architecture.md:46	verified
2026-09-25T08:52:18Z	recovery	Limit first recovery contract to repository files, task records, and receipts	Smallest change: application-consistent backup of arbitrary services is a separate capability	/Users/kevin/Documents/Codex/2026-09-25/de/outputs/orb-architecture.md:83	verified
2026-09-25T08:52:18Z	review-fix	Add bounded draining, checkpoint sequence checks, and exclusive workspace transfer	Lifecycle review found stale workers and out-of-order uploads could violate ownership	/Users/kevin/Documents/Codex/2026-09-25/de/outputs/orb-architecture.md:68	verified
2026-09-25T08:52:18Z	review-fix	Allow only the verification controller to attest required checks	External-action review found worker uploads could impersonate trusted evidence	/Users/kevin/Documents/Codex/2026-09-25/de/outputs/orb-architecture.md:105	verified
2026-09-25T08:52:18Z	review-fix	Authorize the exact integrated candidate and expected destination revision	External-action and lifecycle reviews found approval could otherwise carry onto changed contents	/Users/kevin/Documents/Codex/2026-09-25/de/outputs/orb-architecture.md:101	verified
2026-09-25T08:52:18Z	review-fix	Keep old worker budget reserved until charges can no longer accrue	Lease expiry does not prove infrastructure termination	/Users/kevin/Documents/Codex/2026-09-25/de/outputs/orb-architecture.md:127	verified
2026-09-25T08:52:18Z	experience	Show a concrete return screen, keep review independent of compute, and limit automatic unfinished work	Experience first: the consumer must be able to return and decide without creating hidden compute or review debt	/Users/kevin/Documents/Codex/2026-09-25/de/outputs/orb-architecture.md:109	verified
2026-09-25T08:52:18Z	validation	Specify failure tests and measurement plan without claiming runtime proof	Prove on the artifact: document review cannot establish execution guarantees or performance	/Users/kevin/Documents/Codex/2026-09-25/de/outputs/orb-architecture.md:140	open
2026-09-25T08:52:35Z	handoff	Review the final document and all decision evidence pointers	Reviewed by parent. Attention: implementation, fault injection, security boundaries, and performance remain untested	/Users/kevin/Documents/Codex/2026-09-25/de/outputs/orb-architecture.md:166	verified
2026-09-25T09:02:59Z	harness-scope	Extend the architecture with a design for one model and serial tool execution	Smallest change: establish a useful recoverable loop before adding orchestration	/Users/kevin/Documents/Codex/2026-09-25/de/outputs/orb-harness.md:9	verified
2026-09-25T09:02:59Z	harness-tools	Start with one supervised command tool and typed terminal reports	Compared command-only, structured tool sets, and a general workflow framework	/Users/kevin/Documents/Codex/2026-09-25/de/outputs/orb-harness.md:31	verified
2026-09-25T09:02:59Z	harness-authority	Keep the harness outside writable code and reuse controller authority	One home: the harness must not create a second scheduler or permission system	/Users/kevin/Documents/Codex/2026-09-25/de/outputs/orb-harness.md:9	verified
2026-09-25T09:02:59Z	harness-state	Commit matching file and conversation references after each command	Named shape: a continuation must describe one consistent point of progress	/Users/kevin/Documents/Codex/2026-09-25/de/outputs/orb-harness.md:53	verified
2026-09-25T09:02:59Z	harness-input	Validate complete model responses and reject unknown or malformed actions	Boundary discipline: streamed fragments and unvalidated model text cannot authorize execution	/Users/kevin/Documents/Codex/2026-09-25/de/outputs/orb-harness.md:41	verified
2026-09-25T09:02:59Z	harness-effects	Keep stable calls and external operation references across restarts	Make operations idempotent: a restarted model loop must not silently create another logical operation	/Users/kevin/Documents/Codex/2026-09-25/de/outputs/orb-harness.md:72	verified
2026-09-25T09:02:59Z	harness-review	Close turns and record proposals once under current revision and epoch	Review found an empty reply could stall the loop and a restart could duplicate a handoff	/Users/kevin/Documents/Codex/2026-09-25/de/outputs/orb-harness.md:68	verified
2026-09-25T09:02:59Z	harness-review	Close superseded batches with honest per-call observations	Review found abandoned call IDs could create an invalid or misleading model continuation	/Users/kevin/Documents/Codex/2026-09-25/de/outputs/orb-harness.md:70	verified
2026-09-25T09:02:59Z	harness-validation	Specify real interruption tests and retain explicit runtime unknowns	Prove on the artifact: design review is not proof of a running harness	/Users/kevin/Documents/Codex/2026-09-25/de/outputs/orb-harness.md:160	open
2026-09-25T09:02:59Z	harness-handoff	Check the revised document and all decision evidence pointers	Reviewed by parent. Attention: no running harness, fault injection, security-boundary test, or benchmark was performed	/Users/kevin/Documents/Codex/2026-09-25/de/outputs/orb-harness.md:172	verified
2026-09-25T09:11:03Z	final-spec	Deliver one standalone specification and archive the working drafts	One home: builders should not have to reconcile two live contracts	/Users/kevin/Documents/Codex/2026-09-25/de/outputs/orb-design.md:5	verified
2026-09-25T09:11:03Z	final-scope	Use a command-only harness with controller-owned repository publication	Smallest change: retain controlled publication while keeping the authoring loop minimal	/Users/kevin/Documents/Codex/2026-09-25/de/outputs/orb-design.md:15	verified
2026-09-25T09:11:03Z	final-state	Unify recovery under the continuation and gate authoring by workflow phase	Cross-document review found a separate checkpoint pointer and idle active tasks could create inconsistent ownership	/Users/kevin/Documents/Codex/2026-09-25/de/outputs/orb-design.md:69	verified
2026-09-25T09:11:03Z	final-revision	Bind the environment, required verification profile, and authority policy to task revisions	Review found requirements could otherwise change after acceptance without invalidating pending publication	/Users/kevin/Documents/Codex/2026-09-25/de/outputs/orb-design.md:85	verified
2026-09-25T09:11:03Z	final-recovery	Pin the base environment and save dependencies under the durable workspace root	Review found successful installations outside saved roots could disappear without informing the resumed agent	/Users/kevin/Documents/Codex/2026-09-25/de/outputs/orb-design.md:167	verified
2026-09-25T09:11:03Z	final-effects	Order dispatch authorization against revocation and block new publication while paused	Review found a gap between authorization and sending the network request	/Users/kevin/Documents/Codex/2026-09-25/de/outputs/orb-design.md:217	verified
2026-09-25T09:11:03Z	final-callbacks	Make verification and integration callbacks conditional and idempotent	Review found delayed callbacks could change the phase of newer work	/Users/kevin/Documents/Codex/2026-09-25/de/outputs/orb-design.md:209	verified
2026-09-25T09:11:03Z	final-validation	Review the canonical document and check Markdown, release cases, archive pointers, and evidence references	Reviewed by parent. Attention: design-level review only; implementation and runtime validation remain pending	/Users/kevin/Documents/Codex/2026-09-25/de/outputs/orb-design.md:287	verified
2026-09-25T09:39:17Z	review	Evaluate the spec with three read-only reviewers: state-machine consistency, implementer readiness, adversarial attack on I1-I7	Parent owns fan-out: parent assigned rubrics, unique output paths under /tmp/orbin-review, and synthesized	README.md:5	verified
2026-09-25T09:39:17Z	claim	Retitle the document as the invariant and protocol contract; require a reference-stack companion before Increment 1	Review found no schema, stack, or sandbox policy; the completeness claim was false	README.md:5	verified
2026-09-25T09:39:17Z	terms	Add a terms table; split candidate into source and integration; name handoff and instruction kinds	One home: candidate and blocked each carried several meanings	README.md:7	verified
2026-09-25T09:39:17Z	invariants	Reword I1-I7 to name observable records and states	Adversarial review found honest, silently, and current authority unfalsifiable	README.md:39	verified
2026-09-25T09:39:17Z	records	Move the current continuation reference and active handoff to Task; add Model request, Observation, Handoff, Instruction, Wake request records	Named shape: a replacement attempt had no defined lookup and five referenced records were undefined	README.md:85	verified
2026-09-25T09:39:17Z	records	Enumerate every status field and its legal transitions	Named shape: statuses were named by scattered literals with no domain	README.md:102	verified
2026-09-25T09:39:17Z	checkpoint	Choose a content-addressed manifest with mtime/size reuse; define path-safety rules for snapshot and restore; bind I2 to the storage durability contract	Per-command checkpoints of dependency trees are infeasible without dedup; hostile links could escape the workspace; I2 contradicted the missing-checkpoint matrix row	README.md:125	verified
2026-09-25T09:39:17Z	phases	Add the complete workflow-phase transition table with wake and revision effects per row; add an eligibility scan	Named shape: blocked and input had no exit, and no row said who emits the wake after verification failure	README.md:133	verified
2026-09-25T09:39:17Z	liveness	Put lease-expiry enforcement in the control application via the backend termination API, not the worker	Review found the supervisor in the stale worker was the only enforcer	README.md:160	verified
2026-09-25T09:39:17Z	egress	Route all sandbox egress through a supervisor-owned allowlist proxy; classify read by destination contract, not verb; state exfiltration is bounded not prevented	Adversarial review found GET can mutate and can carry workspace secrets	README.md:172	verified
2026-09-25T09:39:17Z	model-request	Register each model request with a provider idempotency key before send	Crash after provider acceptance could double a generation or lose a stateful backend continuation	README.md:174	verified
2026-09-25T09:39:17Z	loop	Add a read/write/idempotency-key contract row for every controller operation in the pseudocode	Implementer review could not map the loop to records	README.md:213	verified
2026-09-25T09:39:17Z	replay	Never replay an interrupted command automatically in the initial release; the model decides from an interrupted observation	No component can classify a shell command's effects; smallest change over an effect-class scheme	README.md:250	verified
2026-09-25T09:39:17Z	instructions	Classify user messages as answer, note, or redirect by phase; make redirect one atomic transaction	Experience first: treating every message as a revision would invalidate review on harmless comments	README.md:262	verified
2026-09-25T09:39:17Z	input	Add a controller-rendered fact block after the memo; name context_limit and step_limit blockers	Memo poisoning was not in the matrix; blocker had four meanings	README.md:272	verified
2026-09-25T09:39:17Z	verification	Require an immutable dependency closure and record its hash on candidate and evidence; flag dependency_drift	Authoring and fresh verification could run different dependency graphs	README.md:286	verified
2026-09-25T09:39:17Z	deletion	Tombstone on delete; preserve unsettled spending entries and unresolved operations through retention	I7 could be violated by retention removing a live reservation	README.md:351	verified
2026-09-25T09:39:17Z	increments	Move the paired commit into Increment 1; make exit conditions concrete; list the eleven acknowledgment boundaries for fault injection	Prove on the artifact: exits were aspirations, not tests	README.md:365	verified
2026-09-25T09:39:17Z	matrix	Add fourteen failure-matrix rows for the uncovered scenarios and correct the interrupted-command and missing-checkpoint rows	Encode the rule: the matrix is the release gate, so every new rule needs a row	README.md:376	verified
2026-09-25T09:39:17Z	prove	Run a structural checker over the spec: phase entry/exit coverage, controller op contract rows, status literal definitions, table shape, retired wording; it fails 61 checks on the original and 0 on the revision	Prove on the artifact; checker kept at /tmp/orbin-review/check.sh, not committed	README.md:133	verified
